DESCRIPTION,RATING,REVIEWS COUNT,LINK,6/2/2021,7/2/2021,8/2/2021,9/2/2021,10/2/2021,11/2/2021,12/2/2021,13/2/2021,14/2/2021,15/2/2021,16/2/2021,17/2/2021,18/2/2021,19/2/2021,20/2/2021,21/2/2021,22/2/2021,23/2/2021,24/2/2021,25/2/2021,26/2/2021,2021-03-01
Samsung Galaxy M31 Prime Edition ),4.2 out of 5 stars,"132,202",https://www.amazon.in/gp/slredirect/picassoRedirect.html/ref=pa_sp_atf_aps_sr_pg1_1?ie=UTF8&adId=A066826523L6L4UWOF2H6&url=%2FSamsung-Galaxy-Prime-Space-Storage%2Fdp%2FB085J1D8BH%2Fref%3Dsr_1_1_sspa%3Fdchild%3D1%26keywords%3DSamsung%2BMobiles%26qid%3D1612346885%26sr%3D8-1-spons%26psc%3D1&qualifier=1612346885&id=8455987155997923&widgetName=sp_atf,"16,499.00","15,999.00",unavailable,unavailable,unavailable,"15,999.00","15,999.00","16,499.00","16,499.00","16,499.00",unavailable,unavailable,"15,999.00",unavailable,"15,999.00","16,499.00","16,499.00","16,499.00","16,499.00","16,499.00","15,999.00","16,499.00"
),4.4 out of 5 stars,"31,218",https://www.amazon.in/gp/slredirect/picassoRedirect.html/ref=pa_sp_atf_aps_sr_pg1_1?ie=UTF8&adId=A001905017M56YG5OE548&url=%2FSamsung-Galaxy-Electric-Blue-128GB-Storage%2Fdp%2FB085J1J32G%2Fref%3Dsr_1_2_sspa%3Fdchild%3D1%26keywords%3DSamsung%2BMobiles%26qid%3D1612346885%26sr%3D8-2-spons%26psc%3D1&qualifier=1612346885&id=8455987155997923&widgetName=sp_atf,"22,999.00","22,999.00","22,999.00","22,999.00","22,999.00","22,999.00","22,999.00","22,999.00","22,999.00","22,999.00","22,999.00","22,999.00","22,999.00","22,999.00","22,999.00","22,999.00","22,999.00","22,999.00","22,999.00","22,999.00","22,999.00","22,999.00"
),4.2 out of 5 stars,"89,542",https://www.amazon.in/Samsung-Galaxy-Midnight-Blue-Storage/dp/B07HGJJ559/ref=sr_1_3?dchild=1&keywords=Samsung+Mobiles&qid=1612346885&sr=8-3,"13,999.00","13,999.00","13,999.00","13,999.00","13,999.00","13,999.00","13,999.00","13,999.00","13,999.00","12,999.00","12,999.00","12,999.00","12,999.00","12,999.00","12,999.00","12,999.00","12,999.00","12,999.00","12,999.00","12,999.00","12,999.00","13,999.00"
),4.2 out of 5 stars,"132,202",https://www.amazon.in/Samsung-Galaxy-Ocean-128GB-Storage/dp/B07HGGYWL6/ref=sr_1_4?dchild=1&keywords=Samsung+Mobiles&qid=1612346885&sr=8-4,"16,499.00",unavailable,unavailable,unavailable,"16,499.00","16,499.00","16,499.00","16,499.00","16,499.00","16,499.00","16,499.00","16,499.00","16,499.00","16,499.00","16,499.00","16,499.00","16,499.00","16,499.00","16,499.00","16,499.00","16,499.00","16,499.00"
),3.9 out of 5 stars,"10,058",https://www.amazon.in/Samsung-Galaxy-Storage-Additional-Exchange/dp/B086KCCMCP/ref=sr_1_5?dchild=1&keywords=Samsung+Mobiles&qid=1612346885&sr=8-5,"7,499.00","7,499.00","7,499.00","7,499.00","7,499.00","7,499.00","7,499.00","7,499.00","7,499.00","7,499.00","7,499.00","7,499.00","7,499.00","7,499.00","7,499.00","7,499.00","7,499.00","7,499.00","7,499.00","7,775.00","7,499.00","7,499.00"
),3.4 out of 5 stars,"9,255",https://www.amazon.in/Samsung-Galaxy-Storage-Additional-Exchange/dp/B089MQ622N/ref=sr_1_6?dchild=1&keywords=Samsung+Mobiles&qid=1612346885&sr=8-6,"5,999.00","5,999.00","5,999.00","5,999.00","5,999.00","5,999.00","5,999.00","5,999.00","5,999.00","5,999.00","5,999.00","5,999.00","5,999.00","5,999.00","5,999.00","5,999.00","5,999.00","5,999.00","5,999.00","5,999.00","5,999.00","5,999.00"
Samsung Galaxy M31 Prime Edition ),4.2 out of 5 stars,"132,202",https://www.amazon.in/Samsung-Galaxy-Prime-Space-Storage/dp/B085J1D8BH/ref=sr_1_7?dchild=1&keywords=Samsung+Mobiles&qid=1612346885&sr=8-7,"16,499.00","15,999.00",unavailable,unavailable,unavailable,"15,999.00","15,999.00","16,499.00","16,499.00","16,499.00",unavailable,unavailable,"15,999.00",unavailable,"15,999.00","15,999.00","16,499.00","16,499.00","15,999.00","16,499.00","15,999.00","16,499.00"
),3.9 out of 5 stars,"10,057",https://www.amazon.in/Samsung-Galaxy-Storage-Additional-Exchange/dp/B086KCDGTQ/ref=sr_1_8?dchild=1&keywords=Samsung+Mobiles&qid=1612346885&sr=8-8,"7,499.00","7,499.00","7,499.00","7,499.00","7,499.00","7,499.00","7,499.00","7,499.00","7,499.00","7,499.00","7,499.00","7,499.00","7,999.00","8,499.00","7,499.00",unavailable,"7,499.00","7,499.00","7,499.00","7,499.00","7,715.00","7,950.00"
),4.2 out of 5 stars,"89,542",https://www.amazon.in/Samsung-Galaxy-Raven-Black-Storage/dp/B07HGH8D2R/ref=sr_1_9?dchild=1&keywords=Samsung+Mobiles&qid=1612346885&sr=8-9,"13,999.00","13,999.00","13,999.00","13,999.00","13,999.00","13,999.00","13,999.00","13,999.00","13,999.00","12,999.00","12,999.00","12,999.00","12,999.00","12,999.00","12,999.00","12,999.00","12,999.00","12,999.00","12,999.00","12,999.00","12,999.00","13,999.00"
),4.3 out of 5 stars,"42,370",https://www.amazon.in/Samsung-Galaxy-Mirage-128GB-Storage/dp/B07DJCJBB3/ref=sr_1_10?dchild=1&keywords=Samsung+Mobiles&qid=1612346885&sr=8-10,"19,499.00","19,499.00","19,499.00","19,499.00","19,499.00","19,499.00","19,499.00","19,499.00","19,499.00","19,499.00","19,499.00","19,499.00","19,499.00","19,499.00","19,499.00","19,499.00","19,499.00","19,499.00","19,499.00","19,499.00","18,499.00","18,499.00"
),4.3 out of 5 stars,"42,370",https://www.amazon.in/Samsung-Galaxy-Mirage-128GB-Storage/dp/B07DJCJBBN/ref=sr_1_11?dchild=1&keywords=Samsung+Mobiles&qid=1612346885&sr=8-11,"20,499.00","20,499.00","20,499.00","20,499.00","20,499.00","20,499.00","20,499.00","20,499.00","20,499.00","20,499.00","20,499.00","20,499.00","20,499.00","20,499.00","20,499.00","20,499.00","20,499.00","20,499.00","20,499.00","20,499.00","20,499.00","20,499.00"
),4.2 out of 5 stars,"89,542",https://www.amazon.in/Samsung-Galaxy-Midnight-128GB-Storage/dp/B07HGH88GL/ref=sr_1_12?dchild=1&keywords=Samsung+Mobiles&qid=1612346885&sr=8-12,"15,999.00","15,999.00","15,999.00","15,999.00","15,999.00","15,999.00","15,999.00","15,999.00","15,999.00","14,999.00","14,999.00","14,999.00","14,999.00","14,999.00","14,999.00","14,999.00","14,999.00","14,999.00","14,999.00","14,999.00","14,999.00",unavailable
Samsung Galaxy M31 ),4.2 out of 5 stars,"132,202",https://www.amazon.in/Samsung-Galaxy-Space-Black-Storage/dp/B07HGN617M/ref=sr_1_13?dchild=1&keywords=Samsung+Mobiles&qid=1612346885&sr=8-13,"16,499.00",unavailable,unavailable,unavailable,"16,499.00","16,499.00","16,499.00","16,499.00","16,499.00","16,499.00","16,499.00","16,499.00","16,499.00","16,499.00","16,499.00","16,499.00","16,499.00","16,499.00","16,499.00","16,499.00","16,499.00","16,499.00"
),4.4 out of 5 stars,"31,218",https://www.amazon.in/Samsung-Galaxy-Celestial-Black-Storage/dp/B085J1X78K/ref=sr_1_14?dchild=1&keywords=Samsung+Mobiles&qid=1612346885&sr=8-14,"22,999.00","22,999.00","22,999.00","22,999.00","22,999.00","22,999.00","22,999.00","22,999.00","22,999.00","22,999.00","22,999.00","22,999.00","22,999.00","22,999.00","22,999.00","22,999.00","22,999.00","22,999.00","22,999.00","22,999.00","22,999.00","22,999.00"
),3.4 out of 5 stars,"9,255",https://www.amazon.in/Samsung-Galaxy-Storage-Additional-Exchange/dp/B089MV96RW/ref=sr_1_15?dchild=1&keywords=Samsung+Mobiles&qid=1612346885&sr=8-15,"5,999.00","5,999.00","5,999.00","5,999.00","5,999.00","5,999.00","5,999.00","5,999.00","5,999.00","5,999.00","5,999.00","5,999.00","5,999.00","5,999.00","5,999.00","5,999.00","5,999.00","5,999.00","5,999.00","5,999.00","5,999.00","5,999.00"
),3.4 out of 5 stars,"9,255",https://www.amazon.in/Samsung-Galaxy-Storage-Additional-Exchange/dp/B089MTL51J/ref=sr_1_16?dchild=1&keywords=Samsung+Mobiles&qid=1612346885&sr=8-16,"4,999.00","4,999.00","4,999.00","4,999.00","4,999.00","4,999.00","4,999.00","4,999.00","4,999.00","4,999.00","4,999.00","4,999.00","4,999.00","4,999.00","4,999.00","4,999.00","4,999.00","4,999.00","4,999.00","4,999.00","4,999.00","4,999.00"
),4.2 out of 5 stars,"132,202",https://www.amazon.in/Samsung-Galaxy-Ocean-Blue-Storage/dp/B07HGJKDQL/ref=sr_1_17?dchild=1&keywords=Samsung+Mobiles&qid=1612346885&sr=8-17,"15,999.00","15,999.00",unavailable,unavailable,unavailable,"15,999.00","15,999.00","15,999.00","15,999.00","15,999.00","15,999.00","15,999.00","15,999.00","15,999.00","15,999.00","15,999.00","15,999.00","15,999.00","15,999.00","15,999.00","15,999.00","15,999.00"
),3.4 out of 5 stars,"9,255",https://www.amazon.in/Samsung-Galaxy-Storage-Additional-Exchange/dp/B089MQ6XLH/ref=sr_1_18?dchild=1&keywords=Samsung+Mobiles&qid=1612346885&sr=8-18,"6,900.00","6,490.00","5,999.00","5,999.00","5,999.00","6,399.00","6,399.00","5,999.00","5,999.00","5,999.00","6,490.00","6,490.00","6,390.00","6,375.00","5,999.00","5,999.00","5,999.00","5,999.00","5,999.00","5,999.00","5,999.00","5,999.00"
),4.4 out of 5 stars,"31,218",https://www.amazon.in/gp/slredirect/picassoRedirect.html/ref=pa_sp_atf_next_aps_sr_pg2_1?ie=UTF8&adId=A0018770FW4TQ1G9RZHI&url=%2FSamsung-Galaxy-Electric-Blue-128GB-Storage%2Fdp%2FB085J1868F%2Fref%3Dsr_1_17_sspa%3Fdchild%3D1%26keywords%3DSamsung%2BMobiles%26qid%3D1612346890%26sr%3D8-17-spons%26psc%3D1&qualifier=1612346890&id=1608339889580752&widgetName=sp_atf_next,"24,999.00","24,999.00","24,999.00","24,999.00","24,999.00","24,999.00","24,999.00","24,999.00","24,999.00","24,999.00","24,999.00","24,999.00","24,999.00","24,999.00","24,999.00","24,999.00","24,999.00","24,999.00","24,999.00","24,999.00","24,999.00","24,999.00"
),4.2 out of 5 stars,"89,542",https://www.amazon.in/Samsung-Galaxy-Raven-Black-Storage/dp/B07HGH8ML7/ref=sr_1_18?dchild=1&keywords=Samsung+Mobiles&qid=1612346890&sr=8-18,"15,999.00","15,999.00","15,999.00","15,999.00","15,999.00","15,999.00","15,999.00","15,999.00","15,999.00","14,999.00","14,999.00","14,999.00","14,999.00","14,999.00","14,999.00","14,999.00","14,999.00","14,999.00","14,999.00","14,999.00","14,999.00","15,999.00"
),4.4 out of 5 stars,"31,218",https://www.amazon.in/Samsung-Galaxy-Electric-Blue-128GB-Storage/dp/B085J1868F/ref=sr_1_19?dchild=1&keywords=Samsung+Mobiles&qid=1612346890&sr=8-19,"24,999.00","24,999.00","24,999.00","24,999.00","24,999.00","24,999.00","24,999.00","24,999.00","24,999.00","24,999.00","24,999.00","24,999.00","24,999.00","24,999.00","24,999.00","24,999.00","24,999.00","24,999.00","24,999.00","24,999.00","24,999.00","24,999.00"
),3.4 out of 5 stars,"9,255",https://www.amazon.in/Samsung-Galaxy-Storage-Additional-Exchange/dp/B089MS3GLM/ref=sr_1_20?dchild=1&keywords=Samsung+Mobiles&qid=1612346890&sr=8-20,"4,999.00","4,999.00","4,999.00","4,999.00","4,999.00","4,999.00","4,999.00","4,999.00","4,999.00","4,999.00","4,999.00","4,999.00","4,999.00","4,999.00","4,999.00","4,999.00","4,999.00","4,999.00","4,999.00","4,999.00","4,999.00","4,999.00"
),4.3 out of 5 stars,"42,370",https://www.amazon.in/Samsung-Galaxy-Mirage-Black-Storage/dp/B07DJLVHYC/ref=sr_1_21?dchild=1&keywords=Samsung+Mobiles&qid=1612346890&sr=8-21,"20,499.00","20,499.00","20,499.00","20,499.00","20,499.00","20,499.00","20,499.00","20,499.00","20,499.00","20,499.00","20,499.00","20,499.00","20,499.00","20,499.00","20,499.00","19,499.00","20,499.00","20,499.00","19,499.00","19,499.00","18,499.00","20,499.00"
),4.3 out of 5 stars,"42,370",https://www.amazon.in/Samsung-Galaxy-Mirage-Black-Storage/dp/B07DJD1XZ4/ref=sr_1_22?dchild=1&keywords=Samsung+Mobiles&qid=1612346890&sr=8-22,"19,499.00","19,499.00","19,499.00","19,499.00","19,499.00","19,499.00","19,499.00","19,499.00","19,499.00","19,499.00","19,499.00","19,499.00","19,499.00","19,499.00","19,499.00","19,499.00","19,499.00","19,499.00","19,499.00","19,499.00","18,499.00","18,499.00"
),4.4 out of 5 stars,"31,218",https://www.amazon.in/Samsung-Galaxy-Electric-Blue-128GB-Storage/dp/B085J1J32G/ref=sr_1_23?dchild=1&keywords=Samsung+Mobiles&qid=1612346890&sr=8-23,"22,999.00","22,999.00","22,999.00","22,999.00","22,999.00","22,999.00","22,999.00","22,999.00","22,999.00","22,999.00","22,999.00","22,999.00","22,999.00","22,999.00","22,999.00","22,999.00","22,999.00","22,999.00","22,999.00","22,999.00","22,999.00","22,999.00"
Samsung Galaxy M31 ),4.2 out of 5 stars,"132,202",https://www.amazon.in/Samsung-Galaxy-Space-Black-Storage/dp/B07HGJ7WLM/ref=sr_1_24?dchild=1&keywords=Samsung+Mobiles&qid=1612346890&sr=8-24,"15,999.00","15,999.00","15,999.00","15,999.00","15,999.00","15,999.00","15,999.00","15,999.00","15,999.00","15,999.00","15,999.00","15,999.00","15,999.00","15,999.00","15,999.00","15,999.00","15,999.00","15,999.00","15,999.00","15,999.00","15,999.00","15,999.00"
),3.4 out of 5 stars,"9,255",https://www.amazon.in/Samsung-Galaxy-Storage-Additional-Exchange/dp/B089MSCW8V/ref=sr_1_25?dchild=1&keywords=Samsung+Mobiles&qid=1612346890&sr=8-25,"4,999.00","4,999.00","4,999.00","4,999.00","4,999.00","4,999.00","4,999.00","4,999.00","4,999.00","4,999.00","4,999.00","4,999.00","4,999.00","4,999.00","4,999.00","4,999.00","4,999.00","4,999.00","4,999.00","4,999.00","4,999.00","4,999.00"
),3.6 out of 5 stars,"1,339",https://www.amazon.in/Samsung-Galaxy-Storage-Additional-Exchange/dp/B086KCBK16/ref=sr_1_26?dchild=1&keywords=Samsung+Mobiles&qid=1612346890&sr=8-26,"14,999.00","14,999.00","14,999.00","14,999.00","14,999.00","14,999.00","14,999.00","13,999.00","13,999.00","13,999.00","13,999.00","13,999.00","12,999.00","13,999.00","13,999.00","13,999.00","13,999.00","13,999.00","13,999.00","13,999.00","13,999.00","13,999.00"
),3.6 out of 5 stars,"1,339",https://www.amazon.in/Samsung-Galaxy-Storage-Additional-Exchange/dp/B086KC85W8/ref=sr_1_27?dchild=1&keywords=Samsung+Mobiles&qid=1612346890&sr=8-27,"14,999.00","14,999.00","14,999.00","14,999.00","14,999.00","14,999.00","14,999.00","13,999.00","13,999.00","13,999.00","13,999.00","13,999.00","12,999.00","13,999.00","13,999.00","13,999.00","13,999.00","13,999.00","13,999.00","13,999.00","13,999.00","13,999.00"
),4.4 out of 5 stars,"31,218",https://www.amazon.in/Samsung-Galaxy-Celestial-Black-Storage/dp/B085J1CPCW/ref=sr_1_28?dchild=1&keywords=Samsung+Mobiles&qid=1612346890&sr=8-28,"24,999.00","24,999.00","24,999.00","24,999.00","24,999.00","24,999.00","24,999.00","24,999.00","24,999.00","24,999.00","24,999.00","24,999.00","24,999.00","24,999.00","24,999.00","24,999.00","24,999.00","24,999.00","24,999.00","24,999.00","24,999.00","24,999.00"
),4.0 out of 5 stars,"1,047",https://www.amazon.in/Samsung-Galaxy-Storage-Additional-Exchange/dp/B086KFXPFD/ref=sr_1_30?dchild=1&keywords=Samsung+Mobiles&qid=1612346890&sr=8-30,"17,999.00","17,999.00","17,999.00","17,999.00","17,999.00","17,999.00","17,999.00","17,999.00","17,999.00","17,999.00","17,999.00","17,999.00","17,999.00","17,999.00","17,999.00","17,999.00","17,999.00","17,999.00","17,999.00","17,999.00","17,999.00",unavailable
),4.2 out of 5 stars,"89,542",https://www.amazon.in/Samsung-Galaxy-Iceberg-Blue-Storage/dp/B085J1JRC7/ref=sr_1_31?dchild=1&keywords=Samsung+Mobiles&qid=1612346890&sr=8-31,"13,999.00","13,999.00","13,999.00","13,999.00","13,999.00","13,999.00","13,999.00","13,999.00","13,999.00","12,999.00","12,999.00","12,999.00","12,999.00","12,999.00","12,999.00","12,999.00","12,999.00","12,999.00","12,999.00","12,999.00","12,999.00","13,999.00"
),3.6 out of 5 stars,"1,339",https://www.amazon.in/Samsung-Galaxy-Storage-Additional-Exchange/dp/B086KD6WBF/ref=sr_1_32?dchild=1&keywords=Samsung+Mobiles&qid=1612346890&sr=8-32,"14,999.00","14,999.00","14,999.00","14,999.00","14,999.00","14,999.00","14,999.00","13,999.00","13,999.00","13,999.00","13,999.00","13,999.00","12,999.00","13,999.00","13,999.00","13,999.00","13,999.00","13,999.00","13,999.00",unavailable,unavailable,unavailable
),4.2 out of 5 stars,"132,202",https://www.amazon.in/Samsung-Galaxy-Iceberg-128GB-Storage/dp/B085HZYM54/ref=sr_1_33?dchild=1&keywords=Samsung+Mobiles&qid=1612346890&sr=8-33,"16,499.00",unavailable,"16,499.00","16,499.00","16,499.00","16,499.00","16,499.00","16,499.00","16,499.00","16,499.00","16,499.00","16,499.00","16,499.00","16,499.00","16,499.00","16,499.00","16,499.00","16,499.00","16,499.00","16,499.00","16,499.00","16,499.00"
),4.4 out of 5 stars,"31,218",https://www.amazon.in/gp/slredirect/picassoRedirect.html/ref=pa_sp_atf_next_aps_sr_pg3_1?ie=UTF8&adId=A00188942WWDH4CGH81YR&url=%2FSamsung-Galaxy-Celestial-Black-Storage%2Fdp%2FB085J1X78K%2Fref%3Dsr_1_33_sspa%3Fdchild%3D1%26keywords%3DSamsung%2BMobiles%26qid%3D1612346893%26sr%3D8-33-spons%26psc%3D1&qualifier=1612346893&id=2620530726061484&widgetName=sp_atf_next,"22,999.00","22,999.00","22,999.00","22,999.00","22,999.00","22,999.00","22,999.00","22,999.00","22,999.00","22,999.00","22,999.00","22,999.00","22,999.00","22,999.00","22,999.00","22,999.00","22,999.00","22,999.00","22,999.00","22,999.00","22,999.00","22,999.00"
),4.1 out of 5 stars,"1,372",https://www.amazon.in/Samsung-Galaxy-Storage-Additional-Exchange/dp/B07X8V5YKR/ref=sr_1_34?dchild=1&keywords=Samsung+Mobiles&qid=1612346893&sr=8-34,"31,999.00","31,999.00","31,999.00","31,999.00","31,999.00","31,999.00","31,999.00","31,999.00","31,999.00","31,999.00","31,999.00","31,999.00","31,999.00","31,999.00","31,999.00","31,999.00","29,999.00","29,999.00","29,999.00","29,999.00","29,999.00","29,999.00"
),3.6 out of 5 stars,"1,339",https://www.amazon.in/Samsung-Galaxy-Storage-Additional-Exchange/dp/B084453J63/ref=sr_1_35?dchild=1&keywords=Samsung+Mobiles&qid=1612346893&sr=8-35,"17,499.00","17,499.00","17,499.00","17,499.00","17,499.00","17,499.00","17,499.00","17,499.00","17,499.00","17,499.00","17,499.00","17,499.00","17,499.00","17,499.00","17,499.00","17,499.00","17,499.00","17,499.00","17,499.00","17,499.00","17,499.00","17,499.00"
),3.6 out of 5 stars,"1,339",https://www.amazon.in/Samsung-Galaxy-Storage-Additional-Exchange/dp/B086KCCKKW/ref=sr_1_36?dchild=1&keywords=Samsung+Mobiles&qid=1612346893&sr=8-36,"16,498.00","16,498.00","16,498.00","16,498.00","16,498.00","16,498.00","16,498.00","14,999.00","14,999.00","14,999.00","14,999.00","14,999.00","14,999.00","14,999.00","14,999.00","14,999.00","14,999.00","14,999.00","14,999.00","14,999.00","14,999.00",unavailable
),4.2 out of 5 stars,700,https://www.amazon.in/Samsung-Galaxy-Storage-Additional-Exchange/dp/B07XBYLRVB/ref=sr_1_37?dchild=1&keywords=Samsung+Mobiles&qid=1612346893&sr=8-37,"27,499.00",unavailable,unavailable,unavailable,"27,499.00","29,499.00","29,499.00",unavailable,unavailable,unavailable,"28,999.00","28,999.00","27,499.00","27,499.00","27,499.00","27,499.00","27,499.00","27,499.00","27,499.00","27,499.00","27,499.00","27,499.00"
),4.0 out of 5 stars,"1,047",https://www.amazon.in/Samsung-Galaxy-Storage-Additional-Exchange/dp/B086KCDGV7/ref=sr_1_38?dchild=1&keywords=Samsung+Mobiles&qid=1612346893&sr=8-38,"17,999.00","17,999.00","17,999.00","17,999.00","17,999.00","17,999.00","17,999.00",unavailable,unavailable,unavailable,"17,999.00","17,999.00","17,300.00","17,300.00","17,999.00","16,925.00","17,300.00","17,300.00","17,999.00","17,999.00","17,999.00","17,999.00"
),4.1 out of 5 stars,829,https://www.amazon.in/Samsung-Galaxy-2018-Storage-Offers/dp/B07C7B89CV/ref=sr_1_39?dchild=1&keywords=Samsung+Mobiles&qid=1612346893&sr=8-39,"7,490.00","7,490.00","7,490.00","7,490.00","7,990.00","7,990.00","7,990.00","7,990.00","7,990.00","7,990.00","7,990.00","7,990.00","7,990.00","8,190.00","8,190.00","8,190.00","8,200.00","8,200.00","8,200.00","8,200.00","8,200.00","8,200.00"
),4.0 out of 5 stars,504,https://www.amazon.in/Samsung-Galaxy-Storage-Additional-Exchange/dp/B07XD2HY8Y/ref=sr_1_40?dchild=1&keywords=Samsung+Mobiles&qid=1612346893&sr=8-40,unavailable,unavailable,unavailable,unavailable,unavailable,unavailable,unavailable,unavailable,unavailable,unavailable,"22,499.00","22,499.00","22,499.00","22,499.00","22,499.00","22,499.00","22,499.00","22,499.00","22,499.00","22,499.00","22,499.00","22,499.00"
Samsung Galaxy A51 (Haze Crush),4.1 out of 5 stars,"2,324",https://www.amazon.in/Samsung-Galaxy-Storage-Additional-Exchange/dp/B089MQ7C7W/ref=sr_1_41?dchild=1&keywords=Samsung+Mobiles&qid=1612346893&sr=8-41,"20,999.00","20,999.00","20,999.00","20,999.00","20,999.00","20,999.00","20,999.00","20,999.00","20,999.00","20,999.00","20,999.00","20,999.00","20,999.00","20,999.00",unavailable,unavailable,unavailable,unavailable,unavailable,"20,999.00","20,999.00","20,999.00"
),3.6 out of 5 stars,"1,339",https://www.amazon.in/Samsung-Galaxy-Storage-Additional-Exchange/dp/B086KGPM5G/ref=sr_1_42?dchild=1&keywords=Samsung+Mobiles&qid=1612346893&sr=8-42,"16,498.00","16,498.00","16,498.00","16,498.00","16,498.00","16,498.00","16,498.00","14,999.00","14,999.00","14,999.00",unavailable,unavailable,unavailable,unavailable,unavailable,unavailable,unavailable,unavailable,unavailable,unavailable,unavailable,"14,999.00"
),4.0 out of 5 stars,763,https://www.amazon.in/Test-Dummy_March_2019_46-Black-with-Offer/dp/B07PRBKG12/ref=sr_1_43?dchild=1&keywords=Samsung+Mobiles&qid=1612346893&sr=8-43,"22,980.00","22,900.00","22,800.00","22,800.00","22,380.00","22,320.00","22,320.00","22,200.00","22,130.00","21,920.00","21,850.00","21,850.00","21,849.00","21,849.00","21,825.00","21,825.00","21,700.00","21,700.00","21,670.00","21,640.00","21,640.00","21,870.00"
),4.0 out of 5 stars,"1,047",https://www.amazon.in/Samsung-Galaxy-Storage-Additional-Exchange/dp/B086KDJGT6/ref=sr_1_44?dchild=1&keywords=Samsung+Mobiles&qid=1612346893&sr=8-44,"17,999.00","17,999.00","17,999.00","17,999.00","17,999.00","17,999.00","17,999.00","17,999.00","17,999.00","17,999.00","17,999.00","17,999.00","17,999.00","17,999.00","17,999.00","17,999.00","17,999.00","17,999.00","17,999.00","17,999.00","17,999.00","17,999.00"
),4.1 out of 5 stars,"5,359",https://www.amazon.in/Samsung-Galaxy-Storage-Additional-Exchange/dp/B07S6BW82H/ref=sr_1_45?dchild=1&keywords=Samsung+Mobiles&qid=1612346893&sr=8-45,"22,990.00","18,990.00","22,990.00","22,990.00","19,990.00","19,490.00","19,490.00",unavailable,"18,999.00",unavailable,"22,990.00","22,990.00","22,990.00","19,990.00","19,990.00","22,590.00","22,590.00","22,590.00","17,999.00",unavailable,"22,699.00","22,699.00"
),4.4 out of 5 stars,"31,218",https://www.amazon.in/gp/slredirect/picassoRedirect.html/ref=pa_sp_atf_next_aps_sr_pg4_1?ie=UTF8&adId=A001861434VOTEG3D8QD4&url=%2FSamsung-Galaxy-Celestial-Black-Storage%2Fdp%2FB085J1CPCW%2Fref%3Dsr_1_49_sspa%3Fdchild%3D1%26keywords%3DSamsung%2BMobiles%26qid%3D1612346896%26sr%3D8-49-spons%26psc%3D1&qualifier=1612346896&id=1867832574919460&widgetName=sp_atf_next,"24,999.00","24,999.00","24,999.00","24,999.00","24,999.00","24,999.00","24,999.00","24,999.00","24,999.00","24,999.00","24,999.00","24,999.00","24,999.00","24,999.00","24,999.00","24,999.00","24,999.00","24,999.00","24,999.00","24,999.00","24,999.00","24,999.00"
),4.0 out of 5 stars,763,https://www.amazon.in/Test-Dummy_March_2019_45-Black-with-Offer/dp/B07PP2K2PK/ref=sr_1_51?dchild=1&keywords=Samsung+Mobiles&qid=1612346896&sr=8-51,"25,999.00","25,999.00","25,999.00","25,999.00","25,999.00","25,999.00","25,999.00","25,999.00","25,999.00","25,999.00","25,999.00","25,999.00","25,999.00","25,999.00","25,999.00","25,999.00","25,999.00","25,999.00","25,999.00","25,999.00","25,999.00","25,999.00"
),3.6 out of 5 stars,"1,339",https://www.amazon.in/Samsung-Galaxy-Storage-Additional-Exchange/dp/B084459YBD/ref=sr_1_53?dchild=1&keywords=Samsung+Mobiles&qid=1612346896&sr=8-53,"17,499.00","17,499.00","17,499.00","17,499.00","17,499.00","17,499.00","17,499.00","17,499.00","17,499.00","17,499.00","17,499.00","17,499.00","17,499.00","17,499.00","17,499.00","17,499.00","17,499.00","17,499.00","17,499.00","17,499.00","17,499.00","17,499.00"
),4.1 out of 5 stars,"7,714",https://www.amazon.in/Samsung-Galaxy-Prime-Black-Storage/dp/B0756ZD5PM/ref=sr_1_54?dchild=1&keywords=Samsung+Mobiles&qid=1612346896&sr=8-54,"12,990.00",unavailable,unavailable,unavailable,unavailable,unavailable,unavailable,unavailable,unavailable,unavailable,unavailable,unavailable,unavailable,unavailable,unavailable,"12,990.00",unavailable,unavailable,unavailable,unavailable,unavailable,unavailable
),4.1 out of 5 stars,"5,359",https://www.amazon.in/Samsung-Galaxy-Storage-Additional-Exchange/dp/B07SDPTP6F/ref=sr_1_55?dchild=1&keywords=Samsung+Mobiles&qid=1612346896&sr=8-55,"22,990.00","18,990.00","22,990.00","22,990.00","19,990.00","19,490.00","19,490.00",unavailable,"18,999.00",unavailable,"22,990.00","22,990.00","22,990.00","19,990.00","19,990.00","22,590.00","22,590.00","22,590.00","17,999.00",unavailable,"22,699.00","22,699.00"
),,,https://www.amazon.in/Samsung-Galaxy-Metallic-Blue-Storage/dp/B08B482983/ref=sr_1_57?dchild=1&keywords=Samsung+Mobiles&qid=1612346896&sr=8-57,"12,499.00",unavailable,unavailable,unavailable,"11,499.00",unavailable,unavailable,unavailable,unavailable,unavailable,unavailable,unavailable,unavailable,unavailable,unavailable,unavailable,unavailable,unavailable,"11,999.00","11,999.00","10,999.00","10,999.00"
Samsung Galaxy),3.8 out of 5 stars,137,https://www.amazon.in/Samsung-Phantom-Storage-Additional-Exchange/dp/B08LRDTN6H/ref=sr_1_66?dchild=1&keywords=Samsung+Mobiles&qid=1612346899&sr=8-66,"1,05,999.00","1,05,999.00","1,05,999.00","1,05,999.00","1,05,999.00","1,05,999.00","1,05,999.00","1,05,999.00","1,05,999.00","1,05,999.00","1,05,999.00","1,05,999.00","1,05,999.00","1,05,999.00","1,05,999.00","1,05,999.00","1,05,999.00","1,05,999.00","1,05,999.00","1,05,999.00","1,05,999.00","1,05,999.00"
),4.0 out of 5 stars,763,https://www.amazon.in/Samsung-Galaxy-Storage-Additional-Exchange/dp/B07S9G6237/ref=sr_1_84?dchild=1&keywords=Samsung+Mobiles&qid=1612346902&sr=8-84,"19,900.00","19,900.00","19,900.00","19,900.00","19,900.00","19,900.00","19,900.00","19,900.00","19,900.00","19,900.00","19,900.00","19,900.00","21,990.00","21,849.00","21,990.00","21,825.00","21,990.00","21,990.00","21,670.00","21,640.00","21,640.00","21,870.00"
),4.1 out of 5 stars,"1,372",https://www.amazon.in/Samsung-Galaxy-Storage-Additional-Exchange/dp/B07X9YN2FJ/ref=sr_1_85?dchild=1&keywords=Samsung+Mobiles&qid=1612346902&sr=8-85,"36,999.00","36,999.00","36,999.00","36,999.00","36,999.00","36,999.00","36,999.00","36,999.00","36,999.00","36,999.00","36,999.00","36,999.00","36,999.00","36,999.00","36,999.00","36,999.00","36,999.00","36,999.00","36,999.00","36,999.00","36,999.00","36,999.00"
Samsung Galaxy),4.0 out of 5 stars,16,https://www.amazon.in/Samsung-Galaxy-Storage-Additional-Exchange/dp/B089MS6KLN/ref=sr_1_97?dchild=1&keywords=Samsung+Mobiles&qid=1612346904&sr=8-97,"97,999.00","97,999.00","97,999.00","97,999.00","97,999.00","97,999.00","97,999.00","97,999.00","84,994.00","97,999.00","97,999.00","97,999.00","97,999.00","97,999.00","97,999.00","97,999.00","97,999.00","97,999.00","97,999.00","97,999.00","97,999.00","97,999.00"
),4.0 out of 5 stars,"3,044",https://www.amazon.in/Oppo-Mystery-Storage-Additional-Exchange/dp/B08444S68L/ref=sr_1_1?dchild=1&keywords=Oppo+Mobiles&qid=1612346908&sr=8-1,"11,990.00","11,990.00","11,990.00","11,990.00","11,990.00","11,990.00","11,990.00","11,990.00","11,990.00","11,990.00","11,990.00","11,990.00","11,990.00","11,990.00","11,990.00","11,990.00","11,990.00","11,990.00","11,990.00","11,990.00","11,990.00","11,990.00"
),4.0 out of 5 stars,"3,044",https://www.amazon.in/Oppo-Fantasy-Storage-Additional-Exchange/dp/B08444SXZ6/ref=sr_1_2?dchild=1&keywords=Oppo+Mobiles&qid=1612346908&sr=8-2,"11,990.00","11,990.00","11,990.00","11,990.00","11,990.00","11,990.00","11,990.00","11,990.00","11,990.00","11,990.00","11,990.00","11,990.00","11,990.00","11,990.00","11,990.00","11,990.00","11,990.00","11,990.00","11,990.00","11,990.00","11,990.00","11,990.00"
),3.7 out of 5 stars,893,https://www.amazon.in/Dynamic-Orange-Storage-Additional-Exchange/dp/B086KFV4L4/ref=sr_1_7?dchild=1&keywords=Oppo+Mobiles&qid=1612346908&sr=8-7,"16,990.00","16,990.00","16,990.00","16,990.00","16,990.00","16,990.00","16,990.00","16,990.00","16,990.00","16,990.00","16,990.00","16,990.00","16,990.00","16,990.00","16,990.00","16,990.00","16,990.00","16,990.00","16,990.00","16,990.00","16,990.00","16,990.00"
),4.3 out of 5 stars,10,https://www.amazon.in/Oppo-Reno2-Green-256GB-Storage/dp/B08RXCHBRF/ref=sr_1_11?dchild=1&keywords=Oppo+Mobiles&qid=1612346908&sr=8-11,"19,578.00","19,450.00","19,794.99","19,794.99","19,748.00","19,699.99","19,699.99","19,490.00","19,390.00","19,740.00","19,680.00","19,680.00","19,599.00","19,380.00","19,210.00",unavailable,"19,980.00","19,980.00","19,898.00",unavailable,unavailable,"19,989.00"
),4.0 out of 5 stars,826,https://www.amazon.in/Oppo-Storage-Additional-Exchange-Offers/dp/B089MS6R6V/ref=sr_1_19?dchild=1&keywords=Oppo+Mobiles&qid=1612346910&sr=8-19,"12,989.00","12,989.00","12,989.00","12,989.00","12,990.00","12,990.00","12,990.00","12,990.00","12,990.00","12,990.00","12,990.00","12,990.00","12,990.00","12,990.00","12,990.00","12,990.00","12,990.00","12,990.00","12,990.00","12,990.00","12,990.00","12,990.00"
),3.7 out of 5 stars,6,https://www.amazon.in/Oppo-A5s-Blue-64GB-Storage/dp/B07Y24S2WY/ref=sr_1_24?dchild=1&keywords=Oppo+Mobiles&qid=1612346910&sr=8-24,"10,789.00","10,999.00","10,999.00","10,999.00","10,750.00","10,740.00","10,740.00","10,739.00","10,739.00","10,698.00","10,698.00","10,698.00","10,698.00","10,695.00","10,695.00","10,695.00","10,689.00","10,689.00","10,688.00","10,688.00","10,685.00","10,680.00"
),3.7 out of 5 stars,893,https://www.amazon.in/128GB-Storage-Additional-Exchange-Offers/dp/B086KDJ6NP/ref=sr_1_25?dchild=1&keywords=Oppo+Mobiles&qid=1612346910&sr=8-25,"16,990.00","16,990.00","16,990.00","16,990.00","16,990.00","16,990.00","16,990.00","16,990.00","16,990.00","16,990.00","16,990.00","16,990.00","16,990.00","16,990.00","16,990.00","16,990.00","16,990.00","16,990.00","16,990.00","16,990.00","16,990.00","16,990.00"
),4.0 out of 5 stars,826,https://www.amazon.in/Oppo-Electric-Storage-Additional-Exchange/dp/B089MTMLDF/ref=sr_1_27?dchild=1&keywords=Oppo+Mobiles&qid=1612346910&sr=8-27,"12,989.00","12,989.00","12,989.00","12,989.00","12,990.00","12,990.00","12,990.00","12,990.00","12,990.00","12,990.00","12,990.00","12,990.00","12,990.00","12,990.00","12,990.00","12,990.00","12,990.00","12,990.00","12,990.00","12,990.00","12,990.00","12,990.00"
),4.0 out of 5 stars,826,https://www.amazon.in/Oppo-Electric-Storage-Additional-Exchange/dp/B089MTKP2J/ref=sr_1_31?dchild=1&keywords=Oppo+Mobiles&qid=1612346910&sr=8-31,"15,490.00","15,490.00","15,490.00","15,490.00","15,490.00","15,490.00","15,490.00","15,490.00","15,490.00","15,490.00","15,490.00","15,490.00","15,490.00","15,490.00","15,490.00","15,490.00","15,490.00","15,490.00","15,490.00","15,490.00","15,490.00","15,490.00"
Oppo F17 (Classic),3.7 out of 5 stars,893,https://www.amazon.in/Classic-Silver-Storage-Additional-Exchange/dp/B086KDZGT8/ref=sr_1_32?dchild=1&keywords=Oppo+Mobiles&qid=1612346910&sr=8-32,"16,990.00","16,990.00","16,990.00","16,990.00","16,990.00","16,990.00","16,990.00","16,990.00","16,990.00","16,990.00","16,990.00","16,990.00","16,990.00","16,990.00","16,990.00","16,990.00","16,990.00","16,990.00","16,990.00","16,990.00","16,990.00","16,990.00"
),3.7 out of 5 stars,893,https://www.amazon.in/Dynamic-Orange-Storage-Additional-Exchange/dp/B086KGHVK4/ref=sr_1_33?dchild=1&keywords=Oppo+Mobiles&qid=1612346910&sr=8-33,"18,490.00","18,490.00","18,490.00","18,490.00","18,490.00","18,490.00","18,490.00","18,490.00","18,490.00","18,490.00","18,490.00","18,490.00","18,490.00","18,490.00","18,490.00","18,490.00","18,490.00","18,490.00","18,490.00","18,490.00","18,490.00","18,490.00"
),3.7 out of 5 stars,893,https://www.amazon.in/128GB-Storage-Additional-Exchange-Offers/dp/B086K9XS34/ref=sr_1_34?dchild=1&keywords=Oppo+Mobiles&qid=1612346913&sr=8-34,"18,490.00","18,490.00","18,490.00","18,490.00","18,490.00","18,490.00","18,490.00","18,490.00","18,490.00","18,490.00","18,490.00","18,490.00","18,490.00","18,490.00","18,490.00","18,490.00","18,490.00","18,490.00","18,490.00","18,490.00","18,490.00","18,490.00"
),4.0 out of 5 stars,826,https://www.amazon.in/Oppo-Storage-Additional-Exchange-Offers/dp/B089MS4ZG9/ref=sr_1_37?dchild=1&keywords=Oppo+Mobiles&qid=1612346913&sr=8-37,"15,490.00","15,490.00","15,490.00","15,490.00","15,490.00","15,490.00","15,490.00","15,490.00","15,490.00","15,490.00","15,490.00","15,490.00","15,490.00","15,490.00","15,490.00","15,490.00","15,490.00","15,490.00","15,490.00","15,490.00","15,490.00","15,490.00"
),4.3 out of 5 stars,4,https://www.amazon.in/Oppo-mobile-Phone-32GB-Storage/dp/B07ZP8W2LF/ref=sr_1_40?dchild=1&keywords=Oppo+Mobiles&qid=1612346913&sr=8-40,unavailable,unavailable,unavailable,unavailable,unavailable,unavailable,unavailable,unavailable,unavailable,unavailable,unavailable,unavailable,unavailable,unavailable,unavailable,unavailable,unavailable,unavailable,unavailable,unavailable,unavailable,unavailable
),4.0 out of 5 stars,672,https://www.amazon.in/Midnight-Storage-Additional-Exchange-Offers/dp/B084457WQB/ref=sr_1_43?dchild=1&keywords=Oppo+Mobiles&qid=1612346913&sr=8-43,"27,990.00","27,990.00","27,990.00","27,990.00","27,990.00","27,990.00","27,990.00","27,990.00","27,990.00","27,990.00","27,990.00","27,990.00","24,990.00","24,990.00","27,990.00","27,990.00","27,990.00","27,990.00","27,990.00","27,990.00","27,990.00","27,990.00"
Oppo Reno2 F ),4.3 out of 5 stars,10,https://www.amazon.in/Oppo-Reno2-White-256GB-Storage/dp/B08RXC85Y3/ref=sr_1_48?dchild=1&keywords=Oppo+Mobiles&qid=1612346913&sr=8-48,"19,990.00","19,450.00","19,794.99","19,794.99","19,748.00","19,699.99","19,699.99","19,990.00","19,990.00","19,990.00","19,680.00","19,680.00","19,990.00","19,380.00","19,980.00",unavailable,"19,980.00","19,980.00","19,898.00",unavailable,unavailable,"19,989.00"
Oppo Reno4 Pro ),4.3 out of 5 stars,408,https://www.amazon.in/Reno4-Storage-Additional-Exchange-Offers/dp/B089MS7L7P/ref=sr_1_58?dchild=1&keywords=Oppo+Mobiles&qid=1612346916&sr=8-58,"34,990.00","34,990.00","34,990.00","34,990.00","34,990.00","34,990.00","34,990.00","34,990.00","34,990.00","34,990.00","34,990.00","34,990.00","34,990.00","34,990.00","34,990.00","34,990.00","34,990.00","34,990.00","34,990.00","34,990.00","34,990.00","34,990.00"
),4.2 out of 5 stars,39,https://www.amazon.in/Oppo-Realme-Storage-Crystal-Green/dp/B07Y1N7J3D/ref=sr_1_62?dchild=1&keywords=Oppo+Mobiles&qid=1612346916&sr=8-62,unavailable,unavailable,unavailable,unavailable,unavailable,unavailable,unavailable,unavailable,unavailable,unavailable,unavailable,unavailable,unavailable,unavailable,unavailable,unavailable,unavailable,unavailable,unavailable,unavailable,unavailable,unavailable
),4.2 out of 5 stars,444,https://www.amazon.in/Oppo-F5-64GB-Storage-Offers/dp/B078CBN95Q/ref=sr_1_99?dchild=1&keywords=Oppo+Mobiles&qid=1612346927&sr=8-99,"16,990.00","16,990.00","16,990.00","16,990.00","16,780.00","16,780.00","16,780.00","16,780.00","16,780.00",unavailable,unavailable,unavailable,unavailable,unavailable,unavailable,unavailable,unavailable,unavailable,unavailable,unavailable,unavailable,unavailable
),4.1 out of 5 stars,"13,989",https://www.amazon.in/Redmi-9A-2GB-32GB-Storage/dp/B08696XB4B/ref=sr_1_1?dchild=1&keywords=Redmi+Mobiles&qid=1612346930&sr=8-1,"6,999.00","6,999.00","6,999.00","6,999.00","6,999.00","6,799.00","6,799.00","6,799.00","6,799.00","6,999.00","6,999.00","6,999.00","6,999.00","6,999.00","6,999.00","6,999.00","6,799.00","6,799.00","6,799.00","6,799.00","6,799.00","6,999.00"
Redmi 9 ),4.0 out of 5 stars,"11,462",https://www.amazon.in/Redmi-Sky-Blue-64GB-Storage/dp/B08697N43N/ref=sr_1_2?dchild=1&keywords=Redmi+Mobiles&qid=1612346930&sr=8-2,"8,999.00","8,999.00","8,999.00","8,999.00","8,999.00","8,999.00","8,999.00","8,999.00","8,999.00","8,999.00","8,999.00","8,999.00","8,999.00","8,999.00","8,999.00","8,999.00","8,799.00","8,799.00","8,799.00","8,799.00","8,799.00","8,999.00"
Redmi 9A ),4.1 out of 5 stars,"13,989",https://www.amazon.in/Redmi-9A-2GB-32GB-Storage/dp/B086978F2L/ref=sr_1_3?dchild=1&keywords=Redmi+Mobiles&qid=1612346930&sr=8-3,"6,999.00","6,999.00","6,999.00","6,999.00","6,999.00","6,799.00","6,799.00","6,799.00","6,799.00","6,999.00","6,999.00","6,999.00","6,999.00","6,999.00","6,999.00","6,999.00","6,799.00","6,799.00","6,799.00","6,799.00","6,799.00","6,999.00"
),4.2 out of 5 stars,"14,642",https://www.amazon.in/Redmi-Prime-Storage-Display-Camera/dp/B08697MJDK/ref=sr_1_4?dchild=1&keywords=Redmi+Mobiles&qid=1612346930&sr=8-4,"9,999.00","9,499.00","9,499.00","9,499.00","9,499.00","9,499.00","9,499.00","9,999.00","9,999.00","9,999.00","9,999.00","9,999.00","9,499.00","9,499.00","9,499.00","9,499.00","9,499.00","9,499.00","9,499.00","9,499.00","9,499.00","9,499.00"
Redmi 8A Dual ),4.1 out of 5 stars,"35,567",https://www.amazon.in/Redmi-8A-Dual-White-Storage/dp/B086977J48/ref=sr_1_5?dchild=1&keywords=Redmi+Mobiles&qid=1612346930&sr=8-5,"8,299.00","7,499.00","7,999.00","7,999.00","8,299.00","7,999.00","7,999.00","7,999.00","7,999.00","7,999.00","8,299.00","8,299.00","8,999.00","8,999.00","8,999.00","8,999.00","8,999.00","8,999.00","8,999.00","8,999.00","8,499.00","9,299.00"
),4.2 out of 5 stars,"27,262",https://www.amazon.in/Redmi-Note-Pebble-Grey-Storage/dp/B086977TR6/ref=sr_1_6?dchild=1&keywords=Redmi+Mobiles&qid=1612346930&sr=8-6,"11,999.00","13,999.00","13,999.00","13,999.00","11,999.00","11,999.00","11,999.00","11,999.00","11,999.00","11,999.00","11,999.00","11,999.00","11,499.00","11,499.00","11,499.00","11,499.00","10,999.00","10,999.00","10,999.00","10,999.00","10,999.00","10,999.00"
),4.2 out of 5 stars,"33,679",https://www.amazon.in/Redmi-Note-Pro-Interstellar-Snapdragon/dp/B077PWBC78/ref=sr_1_7?dchild=1&keywords=Redmi+Mobiles&qid=1612346930&sr=8-7,"12,999.00","12,999.00","12,999.00","12,999.00","12,999.00","12,999.00","12,999.00","12,999.00","12,999.00","12,999.00","12,999.00","12,999.00","12,999.00","12,999.00","12,999.00","12,999.00","11,999.00","11,999.00","11,999.00","11,999.00","12,999.00","12,999.00"
),4.2 out of 5 stars,"14,642",https://www.amazon.in/Redmi-Prime-Storage-Display-Camera/dp/B08699CZBC/ref=sr_1_8?dchild=1&keywords=Redmi+Mobiles&qid=1612346930&sr=8-8,"10,999.00","10,999.00","10,999.00","10,999.00","10,999.00","10,999.00","10,999.00","10,999.00","10,999.00","10,999.00","10,999.00","10,999.00","10,999.00","10,999.00","10,999.00","10,999.00","10,999.00","10,999.00","10,999.00","10,999.00","10,999.00","10,999.00"
Redmi 8A Dual ),4.1 out of 5 stars,"35,567",https://www.amazon.in/Redmi-8A-Dual-White-Storage/dp/B07X1KSWZ3/ref=sr_1_11?dchild=1&keywords=Redmi+Mobiles&qid=1612346930&sr=8-11,"7,499.00","7,499.00","7,499.00","7,499.00","7,499.00","7,499.00","7,499.00","7,499.00","7,499.00","7,499.00","7,499.00","7,499.00","7,499.00","7,499.00","7,499.00","7,499.00",unavailable,unavailable,"8,999.00","8,999.00","8,756.00","7,499.00"
Redmi 8A Dual ),4.1 out of 5 stars,"35,567",https://www.amazon.in/Redmi-8A-Dual-Blue-Storage/dp/B08698559Z/ref=sr_1_12?dchild=1&keywords=Redmi+Mobiles&qid=1612346930&sr=8-12,"8,299.00","7,499.00","7,499.00","7,499.00","7,999.00","7,999.00","7,999.00","7,999.00","7,999.00","7,999.00","7,999.00","7,999.00","8,999.00","8,999.00","8,999.00","8,999.00","8,999.00","8,999.00","8,999.00","8,999.00","8,756.00","8,790.00"
),4.2 out of 5 stars,"27,262",https://www.amazon.in/Redmi-Note-Aqua-Green-Storage/dp/B08695YMYC/ref=sr_1_13?dchild=1&keywords=Redmi+Mobiles&qid=1612346930&sr=8-13,"11,999.00","12,999.00","12,999.00","12,999.00","11,999.00","11,999.00","11,999.00","11,999.00","11,999.00","11,999.00","11,999.00","11,999.00","11,499.00","11,499.00","11,499.00","11,499.00","10,999.00","10,999.00","10,999.00","10,999.00","10,999.00","10,999.00"
),4.1 out of 5 stars,"13,989",https://www.amazon.in/Redmi-9A-Midnight-2GB-32GB/dp/B08697N43G/ref=sr_1_14?dchild=1&keywords=Redmi+Mobiles&qid=1612346930&sr=8-14,"6,999.00","6,999.00","6,999.00","6,999.00","6,999.00","6,799.00","6,799.00","6,799.00","6,799.00","6,999.00","6,999.00","6,999.00","6,999.00","6,999.00","6,999.00","6,999.00","6,799.00","6,799.00","6,799.00","6,799.00","6,799.00","6,999.00"
),4.1 out of 5 stars,"13,989",https://www.amazon.in/Redmi-9A-3GB-32GB-Storage/dp/B08697N43M/ref=sr_1_15?dchild=1&keywords=Redmi+Mobiles&qid=1612346930&sr=8-15,"7,499.00","7,499.00","7,499.00","7,499.00","7,499.00","7,499.00","7,499.00","7,499.00","7,499.00","7,499.00","7,499.00","7,499.00","7,499.00","7,499.00","7,499.00","7,499.00","7,499.00","7,499.00","7,499.00","7,499.00","7,499.00","7,499.00"
),4.0 out of 5 stars,"11,462",https://www.amazon.in/Redmi-Carbon-Black-64GB-Storage/dp/B086985T6R/ref=sr_1_16?dchild=1&keywords=Redmi+Mobiles&qid=1612346930&sr=8-16,"8,999.00","8,999.00","8,999.00","8,999.00","8,999.00","8,999.00","8,999.00","8,999.00","8,999.00","8,999.00","8,999.00","8,999.00","8,999.00","8,999.00","8,999.00","8,999.00","8,799.00","8,799.00","8,799.00","8,799.00","8,799.00","8,999.00"
),4.2 out of 5 stars,"33,679",https://www.amazon.in/Test-Exclusive-550/dp/B077Q7GW9V/ref=sr_1_17?dchild=1&keywords=Redmi+Mobiles&qid=1612346930&sr=8-17,"12,999.00","12,999.00","12,999.00","12,999.00","12,999.00","12,999.00","12,999.00","12,999.00","12,999.00","12,999.00","12,999.00","12,999.00","12,999.00","12,999.00","12,999.00","12,999.00","11,999.00","11,999.00","11,999.00","11,999.00","12,999.00","12,999.00"
),4.2 out of 5 stars,"27,262",https://www.amazon.in/Redmi-Note-Pebble-128GB-Storage/dp/B08697KLYV/ref=sr_1_18?dchild=1&keywords=Redmi+Mobiles&qid=1612346930&sr=8-18,"13,999.00","13,999.00","13,999.00","13,999.00","13,999.00","13,999.00","13,999.00","13,999.00","13,999.00","13,999.00","13,999.00","13,999.00","11,499.00","11,499.00","13,999.00","11,499.00","13,999.00","13,999.00","10,999.00","13,999.00","10,999.00","13,999.00"
),4.1 out of 5 stars,"30,457",https://www.amazon.in/Test-Exclusive-558/dp/B077PWJRFH/ref=sr_1_20?dchild=1&keywords=Redmi+Mobiles&qid=1612346933&sr=8-20,"14,999.00","14,999.00","14,999.00","14,999.00","14,999.00",unavailable,unavailable,"15,699.00","15,649.00","15,699.00","14,999.00","14,999.00","14,999.00","14,990.00",unavailable,unavailable,unavailable,unavailable,"14,990.00","14,990.00",unavailable,"14,999.00"
Redmi 9 ),4.0 out of 5 stars,"11,462",https://www.amazon.in/Redmi-Sporty-Orange-64GB-Storage/dp/B08696W3B3/ref=sr_1_22?dchild=1&keywords=Redmi+Mobiles&qid=1612346933&sr=8-22,"8,999.00","8,999.00","8,999.00","8,999.00","8,999.00","8,999.00","8,999.00","8,999.00","8,999.00","8,999.00","8,999.00","8,999.00","8,999.00","8,999.00","8,999.00","8,999.00","8,799.00","8,799.00","8,799.00","8,799.00","8,799.00","8,999.00"
Redmi 8A Dual ),4.1 out of 5 stars,"35,567",https://www.amazon.in/Redmi-8A-Dual-White-Storage/dp/B07X3P1N3H/ref=sr_1_23?dchild=1&keywords=Redmi+Mobiles&qid=1612346933&sr=8-23,"8,299.00","8,299.00","8,299.00","8,299.00","8,299.00","8,299.00","8,299.00","8,299.00","8,299.00","8,299.00","8,299.00","8,299.00","8,299.00","8,299.00","8,299.00","8,299.00","8,299.00","8,299.00","8,999.00","8,999.00","8,756.00","7,999.00"
Redmi 9 Prime ),4.2 out of 5 stars,"14,642",https://www.amazon.in/Redmi-Prime-Sunrise-Storage-Display/dp/B086984LJ3/ref=sr_1_24?dchild=1&keywords=Redmi+Mobiles&qid=1612346933&sr=8-24,"10,999.00","10,999.00","10,999.00","10,999.00","10,999.00","10,999.00","10,999.00","10,999.00","10,999.00","10,999.00","10,999.00","10,999.00","10,999.00","10,999.00","10,999.00","10,999.00","10,999.00","10,999.00","10,999.00","10,999.00","10,999.00","10,999.00"
),4.1 out of 5 stars,"63,030",https://www.amazon.in/Redmi-Black-3GB-32GB-Storage/dp/B01NAKU5HE/ref=sr_1_25?dchild=1&keywords=Redmi+Mobiles&qid=1612346933&sr=8-25,"9,499.00","8,790.00","8,790.00","8,790.00","8,790.00","9,009.00","9,009.00","9,499.00","9,499.00","9,499.00","9,499.00","9,499.00","9,499.00","9,499.00","9,490.00","9,490.00","9,499.00","9,499.00","9,490.00","9,499.00","9,499.00","9,499.00"
),4.1 out of 5 stars,"30,457",https://www.amazon.in/Test-Exclusive-602/dp/B07HGLC2CG/ref=sr_1_26?dchild=1&keywords=Redmi+Mobiles&qid=1612346933&sr=8-26,"17,499.00","17,499.00","17,499.00","17,499.00","17,499.00","17,499.00","17,499.00","17,499.00","17,499.00","17,499.00","17,499.00","17,499.00","17,499.00","17,499.00","17,499.00","17,499.00","17,499.00","17,499.00","17,499.00","17,499.00","17,499.00","17,499.00"
),3.8 out of 5 stars,"3,533",https://www.amazon.in/Test-Exclusive_2020_1112-Multi-3GB-Storage/dp/B089MS7D8F/ref=sr_1_29?dchild=1&keywords=Redmi+Mobiles&qid=1612346933&sr=8-29,"10,999.00","10,999.00","10,999.00","10,999.00","10,999.00","10,999.00","10,999.00","10,999.00","10,999.00","10,999.00","10,999.00","10,999.00","10,999.00","10,999.00","10,999.00","10,999.00","10,499.00","10,499.00","10,499.00","10,499.00","10,499.00","10,999.00"
),3.8 out of 5 stars,"3,533",https://www.amazon.in/Test-Exclusive_2020_1113-Multi-3GB-Storage/dp/B089MS8XQ3/ref=sr_1_30?dchild=1&keywords=Redmi+Mobiles&qid=1612346933&sr=8-30,"10,999.00","10,999.00","10,999.00","10,999.00","10,999.00","10,999.00","10,999.00","10,999.00","10,999.00","10,999.00","10,999.00","10,999.00","10,999.00","10,999.00","10,999.00","10,999.00","10,499.00","10,499.00","10,499.00","10,499.00","10,499.00","10,999.00"
),4.1 out of 5 stars,"30,457",https://www.amazon.in/Test-Exclusive-557/dp/B077PWJ8RS/ref=sr_1_32?dchild=1&keywords=Redmi+Mobiles&qid=1612346933&sr=8-32,"14,999.00","14,999.00","14,999.00","14,999.00","14,999.00","14,999.00","14,999.00","14,999.00","14,999.00","14,999.00","14,999.00","14,999.00","14,999.00","14,999.00","14,999.00","14,999.00","14,999.00","14,999.00","14,999.00","14,999.00","14,999.00","14,999.00"
),4.2 out of 5 stars,"27,262",https://www.amazon.in/Redmi-Note-Arctic-White-Storage/dp/B08696W399/ref=sr_1_35?dchild=1&keywords=Redmi+Mobiles&qid=1612346937&sr=8-35,"13,999.00","13,999.00","13,999.00","13,999.00","13,999.00","13,999.00","13,999.00","13,999.00","13,999.00","13,999.00","13,999.00","13,999.00","13,999.00","13,999.00","13,999.00","13,999.00","13,999.00","13,999.00","13,999.00","13,999.00","13,999.00","13,999.00"
),4.2 out of 5 stars,"33,679",https://www.amazon.in/Test-Exclusive-551/dp/B0784D862L/ref=sr_1_36?dchild=1&keywords=Redmi+Mobiles&qid=1612346937&sr=8-36,"12,999.00","12,999.00","12,999.00","12,999.00","12,999.00","12,999.00","12,999.00","12,999.00","12,999.00","12,999.00","12,999.00","12,999.00","12,999.00","12,999.00","12,999.00","12,999.00","11,999.00","11,999.00","11,999.00","11,999.00","12,999.00","12,999.00"
),4.2 out of 5 stars,"33,679",https://www.amazon.in/Redmi-Note-Pro-Champagne-Storage/dp/B08696XB45/ref=sr_1_37?dchild=1&keywords=Redmi+Mobiles&qid=1612346937&sr=8-37,"12,999.00","12,999.00","12,999.00","12,999.00","12,999.00","12,999.00","12,999.00","12,999.00","12,999.00","12,999.00","12,999.00","12,999.00","12,999.00","12,999.00","12,999.00","12,999.00","11,999.00","11,999.00","11,999.00","11,999.00","12,999.00","12,999.00"
),3.8 out of 5 stars,"3,533",https://www.amazon.in/Test-Exclusive_2020_1111-Multi-3GB-Storage/dp/B089MS8HPF/ref=sr_1_38?dchild=1&keywords=Redmi+Mobiles&qid=1612346937&sr=8-38,"10,999.00","10,999.00","10,999.00","10,999.00","10,999.00","10,999.00","10,999.00","10,999.00","10,999.00","10,999.00","10,999.00","10,999.00","10,999.00","10,999.00","10,999.00","10,999.00","10,499.00","10,499.00","10,499.00","10,499.00","10,499.00","10,999.00"
),4.3 out of 5 stars,"95,964",https://www.amazon.in/Redmi-Note-Pro-Electric-Processor/dp/B07X4R4F47/ref=sr_1_51?dchild=1&keywords=Redmi+Mobiles&qid=1612346943&sr=8-51,"16,990.00",unavailable,"15,999.00","15,999.00",unavailable,unavailable,unavailable,unavailable,unavailable,unavailable,unavailable,unavailable,unavailable,unavailable,unavailable,unavailable,unavailable,unavailable,unavailable,"17,980.00","17,980.00","17,999.00"
),4.2 out of 5 stars,"27,262",https://www.amazon.in/Redmi-Note-Green-128GB-Storage/dp/B08696ZMPF/ref=sr_1_52?dchild=1&keywords=Redmi+Mobiles&qid=1612346943&sr=8-52,"12,999.00","12,999.00","12,999.00","12,999.00","12,999.00","12,999.00","12,999.00","12,999.00","12,999.00","12,999.00","12,999.00","12,999.00","12,999.00","12,999.00","12,999.00","12,999.00","12,999.00","12,999.00","12,999.00","12,999.00","12,999.00","12,999.00"
),3.8 out of 5 stars,"3,535",https://www.amazon.in/Test-Exclusive_2020_1118-Multi-3GB-Storage/dp/B089MTT7TX/ref=sr_1_53?dchild=1&keywords=Redmi+Mobiles&qid=1612346943&sr=8-53,"11,999.00","11,999.00","11,999.00","11,999.00","11,999.00","11,999.00","11,999.00","11,999.00","11,999.00",unavailable,unavailable,unavailable,"10,999.00",unavailable,"10,999.00",unavailable,"11,999.00","11,999.00","11,999.00","11,999.00","11,999.00","11,999.00"
),4.1 out of 5 stars,"11,150",https://www.amazon.in/Redmi-Black-3GB-64GB-Storage/dp/B07R9RSB2T/ref=sr_1_54?dchild=1&keywords=Redmi+Mobiles&qid=1612346943&sr=8-54,"9,490.00",unavailable,unavailable,unavailable,"9,490.00","8,499.00","8,499.00","8,499.00",unavailable,"8,890.00","8,890.00","8,890.00",unavailable,"8,500.00",unavailable,unavailable,unavailable,unavailable,"8,299.00","8,299.00",unavailable,unavailable
),3.8 out of 5 stars,"3,535",https://www.amazon.in/Test-Exclusive_2020_1116-Multi-3GB-Storage/dp/B089MVCS5G/ref=sr_1_57?dchild=1&keywords=Redmi+Mobiles&qid=1612346943&sr=8-57,"11,999.00","11,999.00","11,999.00","11,999.00","11,999.00","11,999.00","11,999.00","11,999.00","11,999.00","11,999.00",unavailable,unavailable,"10,999.00","11,999.00","10,999.00",unavailable,"11,999.00","11,999.00","11,999.00","11,999.00","11,999.00","11,999.00"
Redmi Note 9 ),4.2 out of 5 stars,"27,262",https://www.amazon.in/Redmi-Note-Scarlet-128GB-Storage/dp/B08696LQL2/ref=sr_1_58?dchild=1&keywords=Redmi+Mobiles&qid=1612346943&sr=8-58,"11,999.00",unavailable,"12,999.00","12,999.00","11,999.00","11,999.00","11,999.00","11,999.00","11,999.00","11,999.00","11,999.00","11,999.00",unavailable,"11,499.00","11,499.00","11,499.00","10,999.00","10,999.00","10,999.00","10,999.00","10,999.00","10,999.00"
),4.1 out of 5 stars,"30,458",https://www.amazon.in/Redmi-Note-Pro-Max-64GB/dp/B086985WZY/ref=sr_1_65?dchild=1&keywords=Redmi+Mobiles&qid=1612346947&sr=8-65,"14,999.00","14,999.00","14,999.00","14,999.00","14,999.00","14,999.00","14,999.00","14,999.00","14,999.00","14,999.00","14,999.00","14,999.00","14,999.00","14,999.00","14,999.00","14,999.00","14,999.00","14,999.00","14,999.00","14,999.00","14,999.00","14,999.00"
),4.2 out of 5 stars,"20,214",https://www.amazon.in/Redmi-6A-Black-2GBRAM-Storage/dp/B077PW9V3J/ref=sr_1_67?almBrandId=ctnow&dchild=1&fpw=alm&keywords=Redmi+Mobiles&qid=1612346947&sr=8-67,unavailable,unavailable,unavailable,unavailable,unavailable,unavailable,unavailable,unavailable,unavailable,unavailable,unavailable,unavailable,unavailable,unavailable,unavailable,unavailable,unavailable,unavailable,unavailable,unavailable,unavailable,unavailable
),4.2 out of 5 stars,"14,642",https://www.amazon.in/Redmi-Prime-Storage-Display-Camera/dp/B086984LJ4/ref=sr_1_68?dchild=1&keywords=Redmi+Mobiles&qid=1612346947&sr=8-68,"10,999.00","10,999.00","10,999.00","10,999.00","10,999.00","10,999.00","10,999.00","10,999.00","10,999.00","10,999.00","10,999.00","10,999.00","10,999.00","10,999.00","10,999.00","10,999.00","10,999.00","10,999.00","10,999.00","10,999.00","10,999.00","10,999.00"
),4.2 out of 5 stars,"4,117",https://www.amazon.in/Redmi-Note-Grey-64GB-Storage/dp/B078BN2H39/ref=sr_1_70?dchild=1&keywords=Redmi+Mobiles&qid=1612346947&sr=8-70,"11,010.00","11,010.00","11,010.00","11,010.00","12,990.00","12,990.00","12,990.00","15,999.00","15,999.00","15,999.00","13,000.00","13,000.00","11,599.00","13,999.00","15,999.00","11,290.00","15,999.00","15,999.00","15,999.00","15,999.00","15,999.00","11,599.00"
),4.1 out of 5 stars,"56,637",https://www.amazon.in/Redmi-Pro-Blue-64GB-Storage/dp/B07DJHR5DY/ref=sr_1_72?dchild=1&keywords=Redmi+Mobiles&qid=1612346947&sr=8-72,"12,148.00","12,148.00","12,148.00","12,148.00","12,148.00","12,148.00","12,148.00",unavailable,unavailable,unavailable,unavailable,unavailable,unavailable,unavailable,unavailable,unavailable,unavailable,unavailable,unavailable,unavailable,unavailable,unavailable
),4.3 out of 5 stars,"2,772",https://www.amazon.in/Redmi-Y2-Gold-32GB-Storage/dp/B077PWB22Y/ref=sr_1_74?dchild=1&keywords=Redmi+Mobiles&qid=1612346947&sr=8-74,"10,499.00","10,499.00","10,499.00","10,499.00",unavailable,unavailable,unavailable,unavailable,unavailable,unavailable,unavailable,unavailable,unavailable,unavailable,unavailable,unavailable,unavailable,unavailable,unavailable,unavailable,unavailable,unavailable
),4.1 out of 5 stars,"11,150",https://www.amazon.in/Mi-Redmi-Black-32GB-Storage/dp/B07K16XLG7/ref=sr_1_99?dchild=1&keywords=Redmi+Mobiles&qid=1612346953&sr=8-99,"9,490.00",unavailable,unavailable,unavailable,"8,499.00","8,499.00","8,499.00","8,499.00",unavailable,"8,890.00","8,890.00","8,890.00",unavailable,"8,500.00",unavailable,unavailable,unavailable,unavailable,"8,299.00","8,299.00",unavailable,unavailable
),4.2 out of 5 stars,"4,117",https://www.amazon.in/Redmi-Note-4-Gold-64GB/dp/B077Q42FWN/ref=sr_1_101?dchild=1&keywords=Redmi+Mobiles&qid=1612346953&sr=8-101,"10,999.99","11,599.00","12,990.00","12,990.00","12,990.00","12,990.00","12,990.00","15,999.00","15,999.00","15,999.00","13,000.00","13,000.00","11,599.00","15,999.00","15,999.00","15,999.00","15,999.00","15,999.00","15,999.00","15,999.00","15,999.00","11,599.00"
),3.8 out of 5 stars,"3,535",https://www.amazon.in/Test-Exclusive_2020_1117-Multi-3GB-Storage/dp/B089MS6LQZ/ref=sr_1_108?dchild=1&keywords=Redmi+Mobiles&qid=1612346953&sr=8-108,"11,999.00","11,999.00","11,999.00","11,999.00","11,999.00","11,999.00","11,999.00","11,999.00","11,999.00","11,999.00","11,999.00","11,999.00","10,999.00","11,999.00","10,999.00",unavailable,"11,999.00","11,999.00","11,999.00","11,999.00","11,999.00","11,999.00"
